snr_db,awgn_sim,rayleigh_perfect_csi,rayleigh_ls_dft,rayleigh_ls_linear,rayleigh_no_eq,awgn_theory,rayleigh_theory
0,1.577e-01,2.129e-01,2.751e-01,2.819e-01,4.936e-01,1.587e-01,2.113e-01
2,1.034e-01,1.658e-01,2.227e-01,2.347e-01,4.996e-01,1.040e-01,1.675e-01
4,5.703e-02,1.249e-01,1.720e-01,1.817e-01,5.024e-01,5.650e-02,1.269e-01
6,2.250e-02,9.040e-02,1.298e-01,1.392e-01,4.979e-01,2.301e-02,9.207e-02
8,6.154e-03,6.331e-02,9.192e-02,1.008e-01,5.045e-01,6.004e-03,6.431e-02
10,7.731e-04,4.309e-02,6.681e-02,6.575e-02,5.043e-01,7.827e-04,4.356e-02
12,3.952e-05,2.842e-02,4.041e-02,4.417e-02,5.090e-01,3.430e-05,2.884e-02
14,2.035e-07,1.815e-02,2.699e-02,3.091e-02,4.968e-01,2.695e-07,1.879e-02
16,NaN,1.187e-02,1.849e-02,2.002e-02,5.016e-01,1.399e-10,1.211e-02
18,NaN,7.029e-03,1.093e-02,1.389e-02,5.049e-01,9.845e-16,7.741e-03
20,NaN,5.066e-03,7.568e-03,8.494e-03,5.014e-01,7.620e-24,4.926e-03
22,NaN,3.306e-03,5.127e-03,5.381e-03,4.972e-01,1.210e-36,3.125e-03
24,NaN,1.872e-03,3.581e-03,4.120e-03,5.017e-01,7.150e-57,1.979e-03
26,NaN,1.506e-03,1.740e-03,3.225e-03,4.895e-01,7.111e-89,1.251e-03
28,NaN,8.036e-04,1.261e-03,1.973e-03,5.054e-01,1.547e-139,7.906e-04
30,NaN,4.645e-04,6.917e-04,1.495e-03,5.059e-01,8.979e-220,4.993e-04
